-- phpMyAdmin SQL Dump
-- version 4.1.6
-- http://www.phpmyadmin.net
--
-- Host: 127.0.0.1:3306
-- Generation Time: Aug 31, 2016 at 05:19 PM
-- Server version: 5.5.35
-- PHP Version: 5.4.23

SET SQL_MODE = "NO_AUTO_VALUE_ON_ZERO";
SET time_zone = "+00:00";


/*!40101 SET @OLD_CHARACTER_SET_CLIENT=@@CHARACTER_SET_CLIENT */;
/*!40101 SET @OLD_CHARACTER_SET_RESULTS=@@CHARACTER_SET_RESULTS */;
/*!40101 SET @OLD_COLLATION_CONNECTION=@@COLLATION_CONNECTION */;
/*!40101 SET NAMES utf8 */;

--
-- Database: `copymachine`
--

-- --------------------------------------------------------

--
-- Table structure for table `checklist`
--

CREATE TABLE `checklist` (
  `checklist_number` int(11) NOT NULL,
  `checklist_detail` varchar(50) NOT NULL
) ENGINE=MyISAM DEFAULT CHARSET=utf8;

--
-- Dumping data for table `checklist`
--

INSERT INTO `checklist` (`checklist_number`, `checklist_detail`) VALUES
(1, 'เช็ดทำความสะอาดดรัม'),
(2, 'ทำความสะอาดชุด Feed กระดาษ'),
(3, 'ทำความสะอาดชุดโรเลอร์ชาร์จ'),
(4, 'ทำความสะอาดชุดเบลล์'),
(5, 'ทำความสะอาดชุด ADF'),
(6, 'ทำความสะอาดชุดกระจกสะท้อนภาพ'),
(7, 'ทำความสะอาดชุดทางเดินกระดาษ'),
(8, 'เปลี่ยนโรลเลอร์ฮีทซิ้ง'),
(9, 'เติมหมึก'),
(10, 'เทหมึกเสียทิ้ง');

-- --------------------------------------------------------

--
-- Table structure for table `customer`
--

CREATE TABLE `customer` (
  `customer_id` varchar(10) NOT NULL,
  `customer_name` varchar(100) NOT NULL,
  `customer_address` varchar(200) NOT NULL,
  `department` varchar(100) DEFAULT NULL,
  `contact_name` varchar(30) NOT NULL,
  `contact_tel` varchar(20) NOT NULL,
  `contact_tel_mobile` varchar(20) DEFAULT NULL,
  `own_machine_model` varchar(10) NOT NULL,
  `own_machine_number` varchar(20) DEFAULT NULL,
  `remark` varchar(200) NOT NULL,
  PRIMARY KEY (`customer_id`)
) ENGINE=MyISAM DEFAULT CHARSET=utf8;

--
-- Dumping data for table `customer`
--

INSERT INTO `customer` (`customer_id`, `customer_name`, `customer_address`, `department`, `contact_name`, `contact_tel`, `contact_tel_mobile`, `own_machine_model`, `own_machine_number`, `remark`) VALUES
('A001-01', 'เอไอเอ (ชั่วคราว)', '181 อาคารเอ.ไอ.เอ.พาวเวอร์ ถ.สุรวงศ์', NULL, 'คุณเอ๋', '0-2638-7651', NULL, 'IR3570', 'KFW12067', ''),
('A002-01', 'อนามัยภัณฑ์', 'สำโรง ชั้น 2 สุขุมวิท 76', NULL, 'คุณพรพนา', '0-2393-1608 ', NULL, 'IR3045', 'MUZ00257', '');

-- --------------------------------------------------------

--
-- Table structure for table `inventory`
--

CREATE TABLE `inventory` (
  `part_number` int(11) NOT NULL,
  `quantity` int(11) NOT NULL COMMENT 'Number of parts left in inventory',
  `price` int(11) NOT NULL COMMENT 'Price of spar part',
  PRIMARY KEY (`part_number`)
) ENGINE=MyISAM DEFAULT CHARSET=utf8;

--
-- Dumping data for table `inventory`
--

INSERT INTO `inventory` (`part_number`, `quantity`, `price`) VALUES
(1, 5, 2500),
(2, 494, 350);

-- --------------------------------------------------------

--
-- Table structure for table `job_checklist`
--

CREATE TABLE `job_checklist` (
  `job_number` varchar(20) NOT NULL,
  `checklist_number` int(11) NOT NULL,
  PRIMARY KEY (`job_number`,`checklist_number`)
) ENGINE=MyISAM DEFAULT CHARSET=utf8;

--
-- Dumping data for table `job_checklist`
--

INSERT INTO `job_checklist` (`job_number`, `checklist_number`) VALUES
('a1d5-as5w', 1),
('a1d5-as5w', 2),
('a1d5-as5w-1', 1),
('a1d5-as5w-1', 2);

-- --------------------------------------------------------

--
-- Table structure for table `job_document`
--

CREATE TABLE `job_document` (
  `job_number` varchar(20) NOT NULL,
  `customer_id` varchar(10) NOT NULL,
  `issue_start_time` varchar(10) DEFAULT NULL,
  `issue_end_time` varchar(10) DEFAULT NULL,
  `technician_id` varchar(10) NOT NULL,
  `request_date` datetime NOT NULL,
  `symptom` varchar(500) DEFAULT NULL,
  `root_cause` varchar(500) DEFAULT NULL,
  `solution` varchar(500) DEFAULT NULL,
  `otherMaintenance` varchar(500) DEFAULT NULL,
  `fixed` smallint(6) DEFAULT NULL,
  `nextAction` varchar(200) DEFAULT NULL,
  PRIMARY KEY (`job_number`)
) ENGINE=MyISAM DEFAULT CHARSET=utf8;

--
-- Dumping data for table `job_document`
--

INSERT INTO `job_document` (`job_number`, `customer_id`, `issue_start_time`, `issue_end_time`, `technician_id`, `request_date`, `symptom`, `root_cause`, `solution`, `otherMaintenance`, `fixed`, `nextAction`) VALUES
('a1d5-as5w', 'A001-01', NULL, NULL, 'jeng', '2016-08-06 00:00:00', NULL, NULL, NULL, NULL, NULL, NULL),
('a1d5-as5w-1', 'A001-01', NULL, NULL, 'jeng', '2016-08-06 00:00:00', NULL, NULL, NULL, NULL, NULL, NULL);

-- --------------------------------------------------------

--
-- Table structure for table `job_meter`
--

CREATE TABLE `job_meter` (
  `job_number` varchar(20) NOT NULL,
  `start_meter` int(11) DEFAULT NULL,
  `end_meter` int(11) DEFAULT NULL,
  `black_a4` int(11) DEFAULT NULL,
  `color_a4` int(11) DEFAULT NULL,
  `black_a3` int(11) DEFAULT NULL,
  `color_a3` int(11) DEFAULT NULL
) ENGINE=MyISAM DEFAULT CHARSET=utf8;

--
-- Dumping data for table `job_meter`
--

INSERT INTO `job_meter` (`job_number`, `start_meter`, `end_meter`, `black_a4`, `color_a4`, `black_a3`, `color_a3`) VALUES
('a1d5-as5w', 2345, 4125, 234, 213, 234, 213),
('a1d5-as5w', 2345, 4125, 234, 213, 234, 213),
('a1d5-as5w-1', 2345, 4125, 234, 213, 234, 213);

-- --------------------------------------------------------

--
-- Table structure for table `job_spare_part`
--

CREATE TABLE `job_spare_part` (
  `job_number` varchar(20) NOT NULL,
  `part_number` int(11) NOT NULL,
  `quantity` int(11) NOT NULL,
  PRIMARY KEY (`job_number`,`part_number`)
) ENGINE=MyISAM DEFAULT CHARSET=utf8;

--
-- Dumping data for table `job_spare_part`
--

INSERT INTO `job_spare_part` (`job_number`, `part_number`, `quantity`) VALUES
('a1d5-as5w', 1, 3),
('a1d5-as5w', 2, 5),
('a1d5-as5w-1', 1, 3),
('a1d5-as5w-1', 2, 5);

-- --------------------------------------------------------

--
-- Table structure for table `requisition`
--

CREATE TABLE `requisition` (
  `requisition_id` varchar(10) NOT NULL,
  `requisition_date` date NOT NULL,
  `approver_userid` varchar(6) DEFAULT NULL,
  `approval_date` date DEFAULT NULL,
  `receiver_userid` varchar(10) DEFAULT NULL,
  `receive_date` date DEFAULT NULL,
  `giver_userid` varchar(10) DEFAULT NULL,
  `give_date` date DEFAULT NULL,
  `receiver_onbehalf` varchar(10) DEFAULT NULL,
  PRIMARY KEY (`requisition_id`)
) ENGINE=MyISAM DEFAULT CHARSET=utf8 COMMENT='Requisition header';

--
-- Dumping data for table `requisition`
--

INSERT INTO `requisition` (`requisition_id`, `requisition_date`, `approver_userid`, `approval_date`, `receiver_userid`, `receive_date`, `giver_userid`, `give_date`, `receiver_onbehalf`) VALUES
('515-25761', '2016-08-21', NULL, NULL, NULL, NULL, NULL, NULL, NULL);

-- --------------------------------------------------------

--
-- Table structure for table `requisition_item`
--

CREATE TABLE `requisition_item` (
  `requisition_id` varchar(10) NOT NULL,
  `item_line_id` smallint(6) NOT NULL,
  `part_number` int(10) NOT NULL,
  `job_number` varchar(10) NOT NULL,
  `customer_id` varchar(10) NOT NULL,
  `borrow_amount` smallint(6) NOT NULL,
  `return_amount` smallint(6) DEFAULT NULL,
  `value` int(11) NOT NULL,
  `Remark` varchar(200) DEFAULT NULL,
  UNIQUE KEY `Main` (`requisition_id`,`item_line_id`)
) ENGINE=MyISAM DEFAULT CHARSET=utf8;

--
-- Dumping data for table `requisition_item`
--

INSERT INTO `requisition_item` (`requisition_id`, `item_line_id`, `part_number`, `job_number`, `customer_id`, `borrow_amount`, `return_amount`, `value`, `Remark`) VALUES
('515-25761', 2, 2, '4', 'A001-02', 1, NULL, 995, NULL),
('515-25761', 1, 1, '5', 'A001-01', 5, NULL, 2500, NULL);

--
-- Triggers `requisition_item`
--
DROP TRIGGER IF EXISTS `requisition_add`;
DELIMITER //
CREATE TRIGGER `requisition_add` AFTER INSERT ON `requisition_item`
 FOR EACH ROW UPDATE inventory
	SET quantity = quantity - NEW.borrow_amount
	WHERE part_number = NEW.`part_number`
//
DELIMITER ;
DROP TRIGGER IF EXISTS `requisition_delete`;
DELIMITER //
CREATE TRIGGER `requisition_delete` AFTER DELETE ON `requisition_item`
 FOR EACH ROW UPDATE inventory
	SET quantity = quantity + OLD.borrow_amount
	WHERE part_number = OLD.`part_number`
//
DELIMITER ;

-- --------------------------------------------------------

--
-- Table structure for table `spare_part`
--

CREATE TABLE `spare_part` (
  `part_number` int(10) NOT NULL COMMENT 'Spare part id',
  `part_name` varchar(100) NOT NULL,
  `part_description` varchar(100) DEFAULT NULL,
  `part_type` varchar(50) NOT NULL,
  `used_in_model` varchar(100) NOT NULL,
  `deter_rate` int(11) DEFAULT NULL,
  PRIMARY KEY (`part_number`)
) ENGINE=MyISAM DEFAULT CHARSET=utf8;

--
-- Dumping data for table `spare_part`
--

INSERT INTO `spare_part` (`part_number`, `part_name`, `part_description`, `part_type`, `used_in_model`, `deter_rate`) VALUES
(1, 'BabyGanics Alcohol Free Foaming Hand Sanitizer', 'color ink', 'Ink', '877251784-', 500),
(2, 'Drum', NULL, 'Drum', 'SCX 8128', NULL);

-- --------------------------------------------------------

--
-- Table structure for table `technician`
--

CREATE TABLE `technician` (
  `user_id` varchar(6) NOT NULL,
  `first_name` varchar(30) DEFAULT NULL,
  `last_name` varchar(100) DEFAULT NULL,
  `nickname` varchar(30) NOT NULL,
  `id` int(13) DEFAULT NULL COMMENT 'Identification Number on Card',
  `tel1` varchar(13) DEFAULT NULL,
  `tel2` varchar(13) DEFAULT NULL
) ENGINE=MyISAM DEFAULT CHARSET=utf8;

--
-- Dumping data for table `technician`
--

INSERT INTO `technician` (`user_id`, `first_name`, `last_name`, `nickname`, `id`, `tel1`, `tel2`) VALUES
('jeng', NULL, NULL, 'เจ๋ง', NULL, '0934844940', NULL),
('ake', NULL, NULL, 'เอก', NULL, '0815495132', NULL),
('jsd', 'jack', 'sparow', 'เจเอสดี', NULL, '0934844940', NULL);

/*!40101 SET CHARACTER_SET_CLIENT=@OLD_CHARACTER_SET_CLIENT */;
/*!40101 SET CHARACTER_SET_RESULTS=@OLD_CHARACTER_SET_RESULTS */;
/*!40101 SET COLLATION_CONNECTION=@OLD_COLLATION_CONNECTION */;
